product_category,total_orders,total_items_sold,product_sales,average_item_price
health_beauty,8836,9670,1258681.34,130.16
watches_gifts,5624,5991,1205005.68,201.14
bed_bath_table,9417,11115,1036988.68,93.3
sports_leisure,7720,8641,988048.97,114.34
computers_accessories,6689,7827,911954.32,116.51
furniture_decor,6449,8334,729762.49,87.56
cool_stuff,3632,3796,635290.85,167.36
housewares,5884,6964,632248.66,90.79
auto,3897,4235,592720.11,139.96
garden_tools,3518,4347,485256.46,111.63
toys,3886,4117,483946.6,117.55
baby,2885,3065,411764.89,134.34
perfumery,3162,3419,399124.87,116.74
telephony,4199,4545,323667.53,71.21
office_furniture,1273,1691,273960.7,162.01
stationery,2311,2517,230943.23,91.75
computers,181,203,222963.13,1098.34
pet_shop,1710,1947,214315.41,110.07
musical_instruments,628,680,191498.88,281.62
small_appliances,630,679,190648.58,280.78
Unknown,1473,1627,185049.76,113.74
electronics,2550,2767,160246.74,57.91
consoles_games,1062,1137,157465.22,138.49
fashion_bags_accessories,1864,2031,152823.54,75.25
construction_tools_construction,748,929,144677.59,155.73
luggage_accessories,1034,1092,140429.98,128.6
home_appliances_2,234,238,113317.74,476.12
home_construction,490,604,83088.12,137.56
home_appliances,764,771,80171.53,103.98
agro_industry_and_commerce,182,212,72530.47,342.12
furniture_living_room,422,503,68916.56,137.01
fixed_telephony,217,264,59583.0,225.69
home_confort,397,434,58572.04,134.96
air_conditioning,253,297,55024.96,185.27
audio,350,364,50688.5,139.25
small_appliances_home_oven_and_coffee,75,76,47445.71,624.29
books_general_interest,512,553,46856.88,84.73
kitchen_dining_laundry_garden_furniture,248,281,46328.37,164.87
construction_tools_lights,244,304,41080.0,135.13
construction_tools_safety,167,194,40544.52,208.99
industry_commerce_and_business,235,268,39669.61,148.02
food,450,510,29393.41,57.63
market_place,280,311,28378.47,91.25
costruction_tools_garden,194,238,25715.89,108.05
art,202,209,24202.64,115.8
fashion_shoes,240,262,23562.77,89.93
drinks,297,379,22428.7,59.18
signaling_and_security,140,199,21509.23,108.09
furniture_bedroom,95,109,20028.78,183.75
books_technical,260,267,19096.06,71.52
costruction_tools_tools,97,103,15903.95,154.41
food_drink,227,278,15179.48,54.6
fashion_male_clothing,112,132,10797.82,81.8
fashion_underwear_beach,121,131,9541.55,72.84
christmas_supplies,128,153,8800.82,57.52
tablets_printing_image,79,83,7528.41,90.7
cine_photo,65,72,6933.46,96.3
music,38,38,6034.35,158.8
dvds_blu_ray,59,64,5999.39,93.74
books_imported,53,60,4639.85,77.33
party_supplies,39,43,4485.18,104.31
furniture_mattress_and_upholstery,38,38,4368.08,114.95
fashio_female_clothing,39,48,2803.64,58.41
fashion_sport,27,30,2119.51,70.65
la_cuisine,13,14,2054.99,146.78
arts_and_craftmanship,23,24,1814.01,75.58
diapers_and_hygiene,27,39,1567.59,40.19
flowers,29,33,1110.04,33.64
home_comfort_2,24,30,760.27,25.34
cds_dvds_musicals,12,14,730.0,52.14
fashion_childrens_clothes,8,8,569.85,71.23
security_and_services,2,2,283.29,141.64
