sales_month,total_orders,product_sales,freight_revenue
2016-09,3,267.36,87.39
2016-10,308,49507.66,7301.18
2016-12,1,10.9,8.72
2017-01,789,120312.87,16875.62
2017-02,1733,247303.02,38977.6
2017-03,2641,374344.3,57704.29
2017-04,2391,359927.23,52495.01
2017-05,3660,506071.14,80119.81
2017-06,3217,433038.6,69924.44
2017-07,3969,498031.48,86940.14
2017-08,4293,573971.68,94232.92
2017-09,4243,624401.69,95997.22
2017-10,4568,664219.43,105092.94
2017-11,7451,1010271.37,168872.4
2017-12,5624,743914.17,119633.06
2018-01,7220,950030.36,157271.53
2018-02,6694,844178.71,142730.25
2018-03,7188,983213.44,171913.38
2018-04,6934,996647.75,163050.29
2018-05,6853,996517.68,153264.14
2018-06,6160,865124.31,157552.8
2018-07,6273,895507.22,163220.81
2018-08,6452,854686.33,148622.14
2018-09,1,145.0,21.46
